{"cameraMode":{"drawMode":0,"name":"Shaded","section":"Shading Mode"},"sceneLighting":false,"audioPlay":false,"sceneViewState":{"showFog":true,"showMaterialUpdate":false,"showSkybox":false,"showFlares":true,"showImageEffects":true,"showParticleSystems":true,"showVisualEffectGraphs":true,"m_FxEnabled":true},"in2DMode":false,"pivot":{"x":-0.18192744255065919,"y":0.5162906646728516,"z":0.023716390132904054},"rotation":{"x":0.2596471309661865,"y":-0.17126242816448213,"z":0.04684589058160782,"w":0.949242115020752},"size":0.7899006605148315,"orthographic":true}